235,6,166,63,131,78,93,108,124,122,21,255,253,255,29,94,73,115,124,230,113,249,24,176,170,210,245,41,72,248,121,26,77,3,223,129,6,136,41,58,19,182,70,174,228,94,158,118,50,129,139,40,165,229,15,234,234,74,152,5,106,75,141,56,4,92,149,185,45,223,82,212,135,138,143,153,47,195,190,231,28,173,21,27,11,153,170,160,148,60,179,200,9,90,41,159,196,161,19,67,247,230,184,158,34,73,223,118,172,254,174,252,173,81,87,157,233,144,240,160,246,50,92,75,218,110,12,167
2,111,235,101,175,143,83,208,136,152,105,187,207,225,255,97,242,206,158,255,212,199,32,74,247,140,253,187,70,134,69,66,251,43,111,224,119,45,52,77,231,110,52,185,94,71,69,32,38,4,161,160,240,82,61,167,139,53,89,85,183,138,110,229,141,52,32,94,60,199,126,46,225,240,229,141,112,167,153,222,69,85,75,229,78,250,194,232,254,213,5,114,130,153,132,44,85,220,202,168,11,132,214,168,85,131,35,172,196,216,234,180,143,193,40,225,66,87,168,24,163,46,65,132,170,218,19,180
240,14,14,75,15,220,87,154,200,177,6,84,127,192,243,124,240,75,117,97,142,144,94,110,75,132,58,110,194,114,251,111,246,169,186,50,125,244,239,82,212,220,139,50,101,247,182,204,110,71,10,41,87,76,86,58,128,77,196,61,42,136,95,150,110,133,212,173,226,71,121,178,108,151,26,90,51,215,36,212,103,12,85,21,230,194,200,18,124,92,52,24,188,157,198,176,86,232,246,134,185,124,126,104,85,161,51,121,10,92,93,108,77,215,101,188,48,91,89,149,211,17,12,31,98,149,102,169
148,250,81,220,167,133,90,103,197,73,125,58,254,144,245,121,43,248,125,236,208,250,183,12,100,29,245,122,181,200,189,204,81,210,181,156,12,204,164,1,203,43,17,42,157,21,128,149,155,165,185,252,209,86,46,95,126,87,219,155,14,5,176,119,56,134,185,233,136,13,89,2,75,234,229,201,26,235,191,117,93,78,98,89,238,176,12,30,33,237,91,38,39,152,59,128,71,11,207,240,27,91,34,129,251,153,74,202,74,33,178,140,255,63,42,0,111,162,214,135,236,229,152,175,81,19,19,182
117,166,53,245,36,75,204,233,17,155,18,12,86,199,82,236,80,240,113,57,113,140,42,44,67,136,141,95,254,22,198,186,171,170,104,2,128,83,225,154,63,186,13,136,231,8,90,84,223,211,154,245,180,47,157,197,73,180,228,75,210,177,67,161,137,41,191,124,76,0,29,231,180,13,84,14,215,57,221,126,118,6,132,93,106,66,85,139,26,118,213,49,149,166,23,113,113,224,192,160,103,226,52,83,64,59,171,236,100,250,235,191,12,10,218,36,249,232,186,196,161,29,34,167,186,54,45,125
246,206,12,32,247,163,58,71,223,5,221,84,84,121,121,202,75,252,119,116,19,216,1,59,26,157,99,98,96,89,163,97,124,106,145,129,133,157,207,63,80,131,45,215,210,42,188,12,155,112,127,115,161,238,15,208,116,219,38,16,219,195,83,189,227,59,75,20,99,17,214,175,162,90,79,122,249,83,160,17,69,82,171,45,69,29,25,254,187,42,190,213,12,122,94,29,195,1,176,44,30,210,41,44,22,85,151,59,201,92,245,191,41,108,12,148,18,154,0,71,77,78,139,157,43,222,45,140
255,229,215,150,176,247,130,26,38,189,148,207,163,246,198,231,63,164,223,85,197,163,91,237,47,1,194,225,12,116,111,220,100,17,161,219,16,236,227,112,171,244,200,52,249,27,178,74,204,162,185,6,203,205,99,100,194,175,71,45,194,15,119,217,161,154,101,4,188,120,146,46,159,182,44,105,71,25,140,20,170,104,216,162,206,190,72,85,182,218,237,104,11,141,228,161,181,140,160,84,214,247,40,0,149,170,17,228,24,236,123,7,237,206,166,134,76,161,5,96,153,184,246,106,186,60,181,137
182,42,10,252,54,207,72,30,16,237,73,194,19,240,151,211,29,54,5,50,83,49,211,118,74,206,20,104,199,221,254,253,71,132,16,135,135,149,166,206,184,44,144,141,196,234,99,3,97,229,163,177,42,173,236,86,112,26,94,183,153,62,195,107,115,43,193,32,39,213,32,136,107,98,118,24,62,115,100,236,132,10,187,154,12,65,86,191,157,23,93,243,106,182,3,239,154,207,37,65,236,10,96,2,239,27,243,132,29,104,176,198,131,42,121,202,207,142,35,72,66,128,148,233,5,224,255,217
68,183,156,252,239,185,214,38,49,8,199,210,188,26,75,219,167,122,80,226,203,75,44,252,215,19,30,1,100,247,43,247,211,169,113,12,148,173,29,20,93,238,41,151,223,45,1,61,160,249,28,183,119,235,144,59,83,235,6,66,34,155,10,50,162,182,126,129,235,195,205,171,172,209,77,142,45,72,28,178,144,53,44,95,150,254,64,16,229,219,104,235,210,7,113,88,107,209,80,36,80,208,126,79,226,204,199,155,4,149,182,131,216,184,10,68,88,90,191,58,194,32,164,183,5,77,33,235
227,7,68,129,139,219,155,188,29,140,103,171,211,134,163,248,72,214,161,80,23,96,80,101,50,203,113,247,35,40,186,44,160,111,95,49,246,0,169,181,161,24,60,175,74,83,212,204,196,112,82,250,154,32,202,38,251,175,238,162,234,131,79,218,47,186,81,6,220,158,15,17,250,84,20,221,231,252,205,198,164,33,209,189,70,143,94,147,21,114,107,196,180,63,236,128,200,173,109,6,86,8,174,111,30,206,236,33,84,45,17,31,65,24,53,233,6,251,13,61,27,234,189,113,221,179,240,31
33,182,239,179,145,17,78,168,39,31,214,96,221,55,104,189,128,244,115,109,171,114,182,8,158,54,147,85,100,36,169,186,228,17,245,248,93,220,163,213,78,142,250,80,174,96,68,173,241,23,141,129,8,97,161,59,155,91,254,48,231,56,26,217,197,183,83,109,46,92,93,39,158,189,36,162,81,244,97,30,142,179,157,176,106,71,192,42,23,187,99,3,147,228,183,94,61,95,53,162,177,10,74,228,8,248,194,37,187,253,154,124,73,115,85,157,27,92,220,23,182,180,132,181,228,233,247,7
213,57,180,108,184,29,40,60,1,250,217,63,179,7,53,199,238,253,55,221,78,157,174,84,102,74,25,232,2,199,90,60,39,135,59,220,79,89,117,148,177,61,16,236,30,128,134,220,14,194,74,166,43,62,183,92,46,35,206,165,113,147,5,64,64,0,36,90,23,212,181,46,226,49,23,25,6,99,52,61,196,25,226,103,96,66,254,128,9,40,219,81,208,143,99,164,99,86,174,117,187,43,25,33,179,108,168,206,124,241,84,165,56,147,248,187,138,135,238,80,74,25,206,255,3,193,227,126
195,98,231,204,69,102,219,122,110,192,143,233,46,168,93,85,156,139,207,82,212,40,138,137,56,228,163,213,124,39,150,92,65,90,27,222,145,224,177,227,244,255,142,114,31,9,33,155,199,101,100,236,245,242,91,23,49,72,191,189,180,75,241,116,189,136,144,112,189,56,12,134,176,233,101,31,139,79,101,114,252,212,173,4,38,53,155,171,40,108,199,122,19,202,108,227,224,93,224,80,49,103,111,62,42,185,87,54,148,76,2,105,0,213,158,63,224,215,111,116,47,191,40,194,180,137,46,174
176,87,252,227,121,124,3,206,200,177,150,88,219,18,155,29,254,112,142,203,177,208,114,168,101,132,25,42,88,6,75,43,12,169,45,107,121,127,105,184,84,26,24,28,217,57,14,133,41,253,143,234,172,12,96,222,167,136,34,6,80,98,206,18,22,16,67,138,88,240,159,251,167,5,117,229,179,33,174,210,106,177,94,11,189,71,121,15,10,105,168,94,106,245,2,55,24,29,91,146,105,41,60,217,56,34,10,180,241,204,118,88,8,186,233,217,138,167,80,76,154,127,173,96,198,255,24,109
198,85,128,74,91,80,169,92,239,175,209,1,186,158,244,100,119,77,22,174,218,167,74,214,182,105,122,127,93,158,40,65,242,157,247,47,105,56,215,43,222,15,174,193,15,236,167,151,6,234,160,242,233,141,171,214,36,105,209,67,95,177,60,95,105,30,69,34,162,151,208,211,42,93,205,11,107,156,254,107,17,87,94,128,112,170,16,120,148,108,149,254,155,106,53,13,238,92,129,84,111,44,76,42,32,65,112,155,26,34,140,166,255,54,19,22,173,189,117,13,206,241,104,115,81,193,21,84
139,148,7,243,156,217,194,172,15,23,5,152,4,106,62,34,189,69,216,62,190,137,29,71,203,167,174,222,245,93,107,217,180,150,248,127,216,10,96,188,13,99,219,22,149,109,163,125,75,76,25,144,231,219,5,44,51,197,179,100,70,249,161,2,254,233,95,51,190,128,151,149,57,93,18,1,200,85,52,149,201,153,99,242,147,204,46,169,28,165,130,196,225,102,164,232,250,66,146,35,68,240,27,151,69,1,230,91,91,43,3,162,242,28,188,202,7,255,188,53,53,151,149,173,29,128,167,72
30,0,245,186,46,102,229,250,198,222,141,97,78,156,26,89,7,69,194,88,1,119,55,223,66,30,35,115,218,204,219,133,92,250,177,250,15,53,166,35,199,59,240,53,80,141,86,15,176,73,184,169,19,182,250,217,91,230,248,210,53,207,9,130,180,141,10,47,54,34,25,153,182,15,37,183,213,216,152,201,72,193,121,226,180,149,0,156,186,231,60,7,173,84,195,35,142,148,88,241,146,174,95,131,122,132,185,95,224,51,255,30,252,102,5,94,90,156,238,52,132,208,88,229,26,226,243,147
113,59,59,87,180,115,139,23,140,250,133,250,130,201,88,68,155,95,166,124,100,176,236,60,25,30,199,135,162,114,176,143,18,142,233,202,255,225,208,228,208,78,203,105,42,189,91,187,150,94,4,224,55,75,198,17,201,111,103,63,187,250,238,70,80,61,149,128,3,135,172,100,89,191,62,206,160,15,201,139,87,154,91,52,112,229,212,33,65,121,243,65,103,139,108,103,205,55,123,28,113,8,173,114,71,18,50,7,24,131,190,127,226,233,90,94,145,85,222,25,54,177,179,68,194,213,21,91
51,147,56,203,55,57,169,8,199,2,155,171,106,242,196,180,20,79,172,223,190,193,97,180,124,171,76,197,193,246,186,109,63,147,110,154,71,112,115,126,54,143,114,152,9,210,2,177,132,73,123,213,19,154,229,217,225,214,102,181,212,117,53,227,116,29,84,20,177,31,241,105,128,68,50,73,32,239,208,179,35,204,191,50,0,158,77,149,15,148,134,89,217,96,96,111,10,215,229,18,208,83,242,196,240,20,22,194,247,222,24,162,137,221,159,135,186,64,105,58,231,22,216,237,159,240,217,196
63,164,90,113,225,84,242,192,169,100,6,78,74,31,50,140,8,210,67,43,110,230,145,115,132,118,236,99,19,229,103,216,136,45,101,186,141,247,59,207,151,140,169,151,175,110,50,54,58,10,44,220,248,222,150,120,252,55,75,249,198,75,5,255,31,11,100,234,193,248,28,45,157,198,93,239,167,112,182,207,253,61,64,28,232,113,71,167,91,117,129,29,215,210,107,183,165,95,143,219,232,192,27,27,174,128,96,142,23,176,31,90,80,228,153,161,18,251,137,152,25,137,85,22,186,250,238,74
247,153,23,227,80,106,251,170,23,27,178,138,14,13,7,13,140,144,130,38,40,51,154,20,1,17,142,7,159,187,79,87,76,241,181,98,130,207,21,26,150,22,152,251,38,241,164,131,6,52,203,29,73,109,67,246,161,19,65,78,225,193,137,233,249,172,170,175,31,235,252,176,132,69,227,233,19,66,182,34,123,9,60,22,243,220,14,68,28,131,131,127,51,169,238,119,45,45,45,176,154,42,30,188,54,213,45,194,228,25,49,123,252,223,83,116,45,74,230,126,144,137,45,110,64,239,124,112
166,143,250,150,76,87,132,238,119,255,197,194,228,103,10,179,49,245,37,109,2,110,169,186,0,147,17,215,72,102,179,32,250,153,20,65,79,215,55,245,169,161,26,55,40,37,115,31,209,151,159,20,254,103,36,56,129,51,60,96,103,231,97,219,183,116,68,226,91,59,30,139,89,43,162,75,207,141,120,212,138,2,151,171,115,16,167,23,238,28,209,215,100,36,94,237,201,30,238,160,123,157,19,217,159,219,117,198,170,183,92,92,52,32,223,182,193,34,11,66,99,225,136,38,121,247,127,228
11,85,200,195,237,250,246,171,65,199,132,29,103,130,65,57,41,193,52,106,103,79,154,45,173,164,111,47,62,231,109,170,138,13,2,162,23,159,234,6,208,198,223,96,156,156,152,156,24,29,237,15,189,70,32,105,108,235,19,255,250,39,49,101,22,145,114,113,192,91,148,203,24,197,68,137,31,185,149,102,71,78,25,47,99,220,4,96,4,36,233,119,106,128,4,17,77,213,179,10,41,87,235,251,129,31,161,202,177,87,56,12,127,83,62,118,255,141,220,154,185,71,124,191,236,224,83,175
241,5,38,108,162,186,226,226,248,71,17,60,133,127,26,135,234,133,46,70,29,176,120,115,71,253,48,109,92,229,174,57,136,3,133,80,131,90,251,233,243,54,185,14,111,56,224,114,19,54,98,230,33,190,182,196,55,73,3,210,213,90,177,249,246,67,190,202,234,40,126,37,233,99,188,163,237,213,67,71,3,216,121,86,142,92,85,243,136,99,49,5,71,225,44,219,199,207,67,221,12,73,246,79,245,95,168,119,151,89,56,183,77,52,145,199,222,237,237,117,144,153,114,210,106,79,176,22
254,50,61,133,123,218,168,67,144,2,143,49,163,175,237,166,241,245,58,59,105,250,199,53,246,232,21,166,21,228,214,194,22,99,177,85,121,118,239,208,35,19,196,219,53,102,113,248,203,241,232,7,234,238,70,76,117,113,141,3,123,211,19,24,226,184,198,125,236,88,72,19,98,79,71,195,217,213,7,137,212,237,227,194,85,171,238,156,92,56,138,245,77,39,36,47,72,11,230,186,106,45,180,3,34,38,83,213,140,236,207,236,23,177,176,102,79,37,29,76,153,72,161,44,167,130,38,43
159,97,23,226,121,46,120,166,12,8,35,227,17,191,34,85,38,161,255,96,186,242,28,10,235,123,123,64,118,188,4,25,67,68,188,134,186,214,126,37,128,249,48,8,147,29,150,219,252,105,160,106,90,226,202,34,13,55,198,165,193,79,176,175,51,157,254,167,201,153,228,236,207,46,189,121,241,189,31,150,226,125,182,66,99,60,249,182,62,201,120,147,20,230,234,130,214,21,221,244,18,241,104,134,224,206,129,190,75,102,230,206,248,210,250,198,132,201,59,75,81,68,139,126,243,10,152,181
38,11,249,67,34,49,13,196,170,39,145,27,134,64,86,99,27,149,118,64,77,228,158,175,138,100,215,248,209,51,114,115,253,167,252,133,98,83,2,1,3,1,115,20,113,215,126,51,192,65,67,56,147,145,115,194,87,217,111,15,248,43,250,8,128,93,21,115,189,252,239,119,113,201,155,243,20,8,64,56,148,145,212,111,194,33,168,194,122,245,139,192,2,163,21,62,169,95,252,34,6,195,158,5,202,150,26,64,245,214,255,174,92,222,81,235,42,201,110,20,231,239,0,152,249,220,222,237
212,80,138,255,147,199,152,94,151,215,30,164,6,176,233,186,110,182,171,224,156,68,14,113,192,179,129,246,58,141,38,183,67,143,243,102,164,92,94,226,172,144,89,48,130,223,39,191,168,222,115,130,79,44,227,60,119,167,152,122,239,113,164,22,149,36,180,193,85,90,164,15,61,196,202,157,140,217,234,12,96,171,16,90,113,167,218,66,250,56,148,83,93,41,199,137,136,2,119,64,191,233,247,208,75,50,160,7,130,172,174,186,215,56,217,45,9,136,112,198,125,190,113,159,5,112,182,22
127,203,18,190,127,241,77,235,222,16,195,24,95,2,186,167,68,1,192,83,207,84,46,4,220,129,146,185,227,220,130,226,209,162,110,90,26,197,83,145,73,36,86,231,217,92,154,160,124,219,37,11,52,159,15,110,72,170,217,65,76,22,128,210,4,30,145,41,172,239,8,194,153,40,142,79,87,71,3,102,46,180,38,183,149,191,137,137,182,89,106,170,125,86,17,70,53,53,220,230,210,44,207,252,223,134,187,218,118,169,11,196,25,221,116,148,215,78,94,117,220,17,254,134,29,61,226,85
131,47,177,172,214,163,239,180,251,60,81,93,27,215,255,241,29,203,203,237,23,146,10,66,218,143,180,239,214,50,220,1,91,252,18,79,207,185,29,112,83,127,199,101,247,248,236,219,50,187,230,94,21,109,119,216,166,25,249,31,70,89,28,26,192,121,134,181,99,67,188,144,89,21,250,67,244,193,68,207,21,77,170,216,236,10,37,182,18,16,186,146,255,105,7,157,76,166,36,84,189,4,247,152,171,3,167,24,22,12,193,116,217,233,112,225,30,73,55,97,3,155,60,30,105,18,0,130
213,62,75,209,157,248,23,126,147,79,83,251,65,1,110,3,66,89,182,73,238,178,42,239,48,124,30,173,172,70,183,247,251,199,171,83,92,101,37,100,168,229,88,186,235,72,11,175,239,2,212,216,6,144,20,176,41,189,30,231,83,208,36,216,211,198,159,178,222,98,182,242,33,170,148,176,48,205,33,115,213,199,234,33,186,176,193,89,30,226,89,253,255,214,48,193,44,154,196,195,116,196,46,233,125,148,29,11,241,174,230,87,191,253,193,74,24,158,250,200,215,39,200,203,74,198,145,52
191,245,249,36,34,29,3,73,243,49,127,103,226,90,107,192,190,152,239,1,65,195,67,142,126,50,109,79,61,43,171,2,28,109,223,61,97,122,103,100,140,9,172,123,241,113,76,199,68,165,204,36,34,141,168,135,171,173,45,40,48,22,118,131,34,94,231,47,2,26,2,111,115,113,140,48,169,204,120,111,46,0,29,194,11,166,48,170,132,179,152,143,160,35,139,9,199,1,58,201,69,240,108,117,255,125,21,191,74,191,177,90,179,22,86,184,100,160,204,72,130,147,152,185,1,168,114,146
56,1,173,234,207,16,117,59,169,142,240,187,158,27,61,181,96,57,218,46,92,7,200,77,99,105,74,150,198,63,126,144,98,9,165,90,210,153,75,9,242,134,140,19,52,94,184,45,108,211,230,32,68,49,154,10,227,72,148,80,150,79,153,245,81,136,137,1,143,19,248,118,230,68,63,175,65,2,106,91,82,250,157,172,96,213,141,230,70,155,207,236,237,138,64,80,6,83,19,233,27,175,175,179,114,208,187,15,235,0,93,103,161,152,91,194,106,231,173,240,151,171,230,200,97,182,38,199
56,8,112,117,124,64,102,43,170,135,126,148,194,206,46,4,222,130,33,176,113,227,164,117,64,103,208,86,193,163,226,53,230,118,157,173,168,227,143,148,145,249,17,224,58,52,73,116,170,235,167,146,7,227,13,216,45,209,37,32,153,175,220,24,155,184,172,47,195,224,88,50,122,237,59,102,17,238,155,23,239,189,119,181,50,147,16,46,32,232,188,71,33,57,197,85,66,1,246,243,142,216,215,30,174,30,54,179,228,210,199,103,141,62,203,187,134,43,148,192,250,9,255,165,179,59,179,195
25,0,176,152,241,71,144,188,135,70,187,104,17,115,191,179,65,141,86,170,75,51,31,122,197,226,30,231,212,136,150,46,123,19,172,61,224,12,132,239,78,3,192,178,14,69,182,150,106,122,51,68,59,164,177,171,249,245,49,227,89,213,11,150,132,85,17,93,92,215,25,224,93,243,142,211,99,52,31,208,46,55,179,112,15,156,170,66,245,166,98,127,156,148,85,31,191,82,51,2,6,253,38,221,64,8,40,224,72,15,103,88,39,14,117,72,197,184,44,235,163,85,251,197,96,77,135,163
105,175,166,8,34,16,163,221,51,71,54,1,100,69,124,250,195,197,61,241,178,198,221,82,184,136,29,123,170,98,114,62,62,211,1,66,19,59,57,1,171,1,236,150,245,117,241,244,56,61,1,18,94,188,49,94,12,244,49,66,14,80,169,164,226,130,202,191,101,39,107,58,123,13,115,182,140,189,155,134,94,111,9,128,212,209,165,251,63,77,35,182,75,84,114,147,168,98,195,150,181,42,40,78,54,100,255,188,106,255,114,141,253,108,209,232,140,27,209,105,126,6,10,65,146,82,105,117
21,191,245,120,142,110,76,252,212,159,35,32,193,236,115,241,12,55,25,99,27,226,193,174,86,168,237,96,249,173,165,41,121,194,124,209,6,33,87,75,205,250,149,139,70,6,100,224,190,7,28,151,103,184,228,26,215,233,236,76,202,124,6,215,129,109,239,89,42,29,196,22,207,10,240,241,179,133,32,22,117,74,214,93,255,1,211,168,180,103,96,102,166,143,119,153,110,192,2,121,154,8,250,41,229,46,73,209,86,45,31,72,201,4,35,63,242,75,81,69,52,127,127,46,252,212,192,165
205,218,173,253,24,176,172,64,141,255,85,236,147,19,241,2,157,32,194,195,171,151,79,23,175,110,237,33,68,34,241,81,160,158,53,183,251,46,73,218,17,32,3,191,140,126,70,130,174,164,119,75,226,249,137,20,233,119,213,144,241,137,126,15,229,132,184,14,147,213,64,19,225,145,242,120,92,121,172,158,127,189,45,196,5,238,149,88,71,50,140,225,172,118,198,219,193,76,124,25,220,190,112,110,62,128,84,249,205,92,212,185,30,11,69,168,179,232,5,253,21,215,112,22,43,62,220,58
73,250,98,42,11,208,11,37,199,168,111,53,226,208,146,68,129,100,147,194,30,255,219,140,102,245,35,159,200,25,19,101,159,141,145,64,174,74,109,191,86,18,65,182,59,88,246,179,175,134,6,11,164,147,199,237,39,190,191,39,159,195,226,158,13,104,160,17,239,151,31,124,195,198,121,125,178,179,74,202,161,126,111,182,253,232,212,59,120,69,24,1,251,224,203,172,188,163,233,200,237,100,109,160,183,78,40,3,251,96,79,94,180,119,72,95,192,114,53,49,227,220,216,236,234,134,237,106
124,18,165,15,91,144,56,144,233,178,13,210,41,189,147,79,190,77,165,36,6,212,61,19,33,110,0,253,46,178,135,185,174,151,57,199,201,135,194,167,124,39,18,77,116,35,246,40,128,95,118,18,123,60,98,25,96,150,174,208,177,203,153,216,38,202,83,49,249,135,142,35,170,91,120,185,180,90,188,247,144,120,82,145,49,211,41,83,222,173,74,3,185,125,80,51,128,241,24,203,0,17,56,212,152,55,147,234,149,67,133,21,85,95,143,34,3,14,126,84,44,127,164,132,109,128,105,99
23,191,218,201,72,175,189,252,11,85,89,11,137,62,173,42,131,194,7,214,15,16,12,22,92,2,134,160,125,152,192,82,127,20,8,60,102,79,243,205,25,46,18,181,254,143,51,124,242,212,55,81,17,90,25,239,174,251,17,249,253,6,204,128,116,82,63,23,17,16,4,129,199,191,177,89,94,255,98,248,98,89,59,172,23,19,17,33,89,79,194,196,220,154,191,99,75,3,109,222,221,174,39,197,97,58,39,32,248,135,117,182,249,75,230,141,159,46,90,210,201,248,201,144,146,48,28,101
229,115,166,1,212,245,42,182,245,220,237,252,238,203,242,46,175,18,244,191,26,179,164,193,189,1,162,144,21,114,162,144,64,12,10,244,251,120,218,74,227,103,227,160,230,202,252,62,156,131,225,26,170,83,220,46,246,112,249,34,208,250,7,253,225,157,37,168,200,238,85,134,52,164,160,62,251,97,91,58,175,248,202,202,243,225,126,248,70,129,137,227,63,168,43,255,215,157,68,21,246,235,202,110,247,242,104,45,69,203,178,147,31,244,0,130,109,131,0,165,188,141,218,182,120,14,188,174
118,126,100,57,152,115,162,126,29,240,119,210,189,59,46,54,196,185,207,134,194,77,214,23,124,223,213,88,115,27,202,150,141,94,237,104,43,177,150,17,136,199,186,154,5,254,162,147,89,139,172,75,233,49,221,224,177,177,243,179,18,249,62,39,171,172,218,240,22,74,230,251,78,43,236,54,107,121,208,45,223,96,60,228,4,42,63,89,45,247,239,118,239,148,203,36,242,129,35,13,123,177,246,82,24,202,233,227,149,90,206,247,82,238,127,181,29,47,215,110,195,82,40,200,95,18,0,50
133,230,25,174,132,143,35,248,100,144,235,178,106,124,75,58,198,23,216,31,124,176,89,120,149,82,31,247,72,147,111,204,142,163,246,85,251,168,4,110,34,192,96,13,60,153,25,189,101,109,206,164,11,159,120,170,252,49,141,112,104,191,119,4,209,243,60,81,65,6,202,28,48,152,244,120,169,41,182,75,193,197,21,34,100,163,228,222,50,204,46,1,212,181,170,32,247,176,143,171,105,234,46,236,193,33,65,29,209,54,65,170,0,244,37,40,8,183,183,56,27,150,63,16,91,70,109,227
253,129,107,38,238,242,154,141,238,43,149,132,81,212,222,36,249,148,186,46,219,101,36,169,97,43,129,254,193,248,38,68,77,31,62,48,204,45,14,194,75,178,246,2,162,167,231,129,75,225,230,205,40,31,134,169,199,253,99,100,46,74,130,165,231,253,24,190,45,223,14,17,34,71,50,215,70,170,100,94,251,212,169,85,17,215,8,111,107,81,21,145,6,243,197,207,150,1,188,33,94,84,76,161,38,210,29,47,32,81,138,146,23,34,175,139,209,89,185,95,193,105,240,185,207,26,185,94
232,13,171,130,69,202,6,33,133,167,61,63,246,152,28,136,47,48,212,207,74,83,138,185,50,97,142,252,6,150,164,59,134,188,141,139,134,111,60,80,255,225,126,18,229,63,111,75,69,84,41,32,174,81,163,220,247,240,4,119,57,84,168,48,76,124,126,153,4,182,118,88,53,228,80,176,131,210,53,24,141,243,43,143,66,229,153,76,223,113,179,4,76,245,182,209,108,92,245,126,149,200,85,67,148,38,226,102,163,133,58,192,195,53,180,230,228,182,94,109,117,249,42,84,95,105,119,90
97,56,46,105,61,253,0,34,80,193,154,228,55,145,237,88,2,172,220,140,54,233,15,125,204,205,159,186,113,92,183,194,221,216,67,224,186,53,187,165,86,25,70,183,219,87,12,106,88,173,186,51,53,16,30,189,137,133,107,87,174,209,193,103,31,108,58,72,87,159,141,179,200,141,48,126,70,187,141,56,96,134,164,27,131,46,221,24,102,76,185,198,60,16,24,225,23,98,123,154,34,150,123,131,241,209,243,171,123,168,84,122,204,19,1,71,32,223,216,234,166,227,175,58,108,8,63,81
85,43,69,62,106,205,153,136,22,206,153,118,166,255,169,11,74,174,103,46,212,210,44,254,135,228,244,62,167,126,197,155,194,3,1,93,123,121,142,64,135,158,68,50,67,68,69,161,238,108,177,222,251,26,95,150,180,96,7,196,122,61,106,200,44,241,184,237,105,185,48,151,186,247,49,47,218,55,168,168,114,90,208,180,20,78,249,39,32,149,197,112,110,69,237,114,105,196,175,164,17,224,5,195,196,76,127,21,199,132,216,239,0,108,165,191,121,46,87,242,169,151,89,70,150,138,169,25
249,74,122,70,84,246,11,56,214,79,81,59,71,157,6,215,55,208,250,83,212,145,2,157,75,76,132,223,17,4,107,171,210,46,224,137,105,152,80,151,28,42,105,75,108,22,36,128,205,64,181,206,58,148,3,250,203,184,7,112,9,50,113,83,37,31,161,171,148,98,86,108,82,3,216,127,124,209,77,41,161,63,101,244,152,189,211,236,24,61,16,193,213,102,227,227,154,89,139,106,169,251,74,147,42,98,193,19,74,245,6,178,2,13,59,253,36,171,140,121,170,177,94,20,147,3,110,116
42,56,10,237,0,213,3,49,202,198,12,114,138,79,212,190,29,59,37,142,97,146,5,52,43,130,235,136,96,95,202,117,179,223,249,6,56,195,204,197,158,216,126,193,132,129,79,147,203,70,246,111,11,51,152,106,205,36,137,178,195,71,52,208,167,96,13,55,249,57,243,235,12,93,30,62,15,226,16,109,88,247,216,6,3,70,112,207,181,191,74,223,80,12,90,166,194,117,80,48,146,172,46,12,200,29,68,116,245,132,252,178,6,213,173,58,21,210,210,143,69,27,36,147,143,107,224,34
77,247,132,119,78,33,209,79,165,182,102,193,144,12,46,159,70,62,211,79,205,121,163,165,126,145,65,113,58,21,143,72,113,209,33,224,210,38,244,67,151,203,120,151,126,238,110,69,181,217,82,153,158,222,88,75,200,167,244,126,22,94,196,104,74,131,128,23,127,142,10,227,12,80,219,29,86,226,29,87,228,5,228,183,92,115,53,65,134,187,46,146,190,178,243,249,213,163,187,175,202,22,252,130,190,192,117,13,109,221,91,138,86,136,200,251,69,61,16,116,222,120,196,62,199,236,187,71
198,34,117,161,14,194,153,221,77,157,78,80,250,195,24,22,241,137,240,13,161,177,110,158,110,160,241,38,205,188,127,171,200,242,251,71,106,121,98,208,67,180,41,58,141,170,97,3,253,55,170,182,201,69,223,189,136,88,36,137,37,239,170,57,209,87,40,74,152,52,93,203,9,43,25,154,186,187,155,161,70,24,10,30,121,225,47,197,35,225,141,203,125,37,163,106,41,214,167,222,118,227,73,16,248,25,212,92,143,191,157,100,18,26,185,105,72,85,105,166,157,190,56,225,141,149,16,103
20,52,224,173,121,84,218,252,242,198,82,53,206,253,236,234,20,196,162,255,127,107,218,144,220,52,149,252,244,50,81,219,134,217,131,9,156,180,241,60,57,77,124,41,194,52,84,139,172,186,136,209,208,233,161,216,101,158,237,184,156,197,112,160,104,249,251,228,78,103,200,68,35,237,77,172,115,149,112,7,124,102,12,117,5,51,75,107,2,31,87,114,253,14,207,206,67,224,245,233,75,61,146,54,54,33,105,106,228,127,252,135,161,100,255,97,214,169,4,114,87,126,47,206,180,28,209,104
20,252,157,244,123,118,231,190,155,108,106,132,191,53,89,25,119,130,26,246,255,218,136,4,29,208,24,54,231,60,29,85,36,14,244,131,196,96,197,37,77,196,123,194,101,155,200,38,123,25,188,53,188,6,91,237,46,155,8,189,133,30,251,9,85,82,226,31,62,244,111,65,99,139,103,148,219,235,35,39,126,103,156,24,68,123,210,149,229,111,73,20,246,75,90,58,250,150,83,162,138,240,239,45,218,10,17,134,192,73,179,128,1,17,30,106,161,6,61,59,238,126,26,144,142,169,235,156
172,58,99,110,25,143,210,198,238,169,28,238,93,11,114,127,136,126,167,75,238,124,6,232,120,70,24,192,217,143,12,49,205,61,16,137,211,192,12,102,227,68,116,142,161,226,146,17,4,27,148,50,107,243,219,193,109,214,179,184,6,29,255,44,193,247,249,243,43,126,150,20,26,163,10,58,47,202,16,143,13,12,113,110,87,67,25,53,238,217,216,240,15,252,181,247,96,178,182,176,178,174,102,200,60,195,151,243,193,232,224,88,137,230,246,53,23,215,219,177,7,225,115,153,203,60,193,204
102,93,250,40,197,135,182,8,21,228,232,135,228,194,88,197,34,195,239,198,96,75,52,34,168,11,56,75,90,0,165,119,79,239,242,170,36,246,103,231,28,250,250,146,163,49,19,38,43,77,138,21,14,110,11,116,187,105,192,222,6,75,176,23,77,226,13,166,142,104,205,181,249,188,134,9,158,158,100,14,243,182,252,52,230,26,223,157,6,24,234,142,158,201,4,20,59,182,234,187,133,181,92,182,13,52,203,169,142,234,233,110,26,145,197,7,162,183,147,224,8,70,222,53,39,153,169,128
116,103,125,18,119,34,80,93,57,175,234,254,174,72,153,154,246,34,190,103,24,127,35,57,229,131,180,26,184,50,24,165,25,26,151,148,40,231,115,132,21,145,223,63,140,98,8,97,14,47,182,88,17,64,170,140,185,199,248,86,184,50,165,150,246,234,71,113,253,219,9,130,58,152,189,107,190,223,209,237,237,213,20,215,235,65,32,125,180,207,119,216,76,211,39,48,54,135,65,255,142,0,47,106,191,231,96,87,239,20,145,203,52,129,203,205,126,245,24,198,248,249,23,34,75,119,170,62
226,243,226,166,141,80,216,34,90,39,204,231,182,121,207,51,118,223,26,85,84,194,179,40,13,44,0,187,95,234,67,3,130,125,232,51,31,222,152,190,117,84,13,92,202,247,113,56,115,0,175,68,105,41,51,14,169,98,7,57,15,148,211,139,7,45,79,125,138,213,45,160,66,171,103,243,191,194,160,211,104,226,21,76,54,83,42,135,89,72,165,70,232,26,103,161,175,56,240,121,61,68,210,63,110,36,0,179,69,133,53,201,1,250,37,136,136,187,210,164,135,233,123,157,163,157,186,221
124,165,58,34,128,251,96,66,34,148,206,26,174,58,24,194,205,161,186,36,22,124,160,77,84,16,232,41,163,248,207,54,231,56,12,93,96,148,126,47,215,193,119,100,48,120,24,112,11,178,79,72,23,254,105,112,251,41,43,178,243,29,185,248,14,13,134,103,133,54,100,42,112,195,53,176,215,252,248,170,222,36,84,178,56,48,196,215,73,222,52,55,175,79,122,204,27,212,8,114,32,101,20,226,231,161,148,243,181,120,180,90,32,7,63,51,83,56,23,158,240,194,201,199,38,122,55,219
24,101,21,66,180,114,5,211,167,15,32,238,3,105,181,205,154,46,4,183,1,254,182,218,203,186,247,0,81,225,142,254,35,164,136,88,116,173,254,84,218,239,88,231,185,167,10,151,243,223,151,139,21,251,105,115,26,138,101,98,59,19,63,128,160,198,106,198,242,32,206,115,140,76,192,255,168,15,15,81,149,103,207,232,82,252,58,19,66,238,192,142,142,164,89,108,17,180,22,14,12,155,87,133,238,96,170,93,84,209,254,161,128,184,167,161,19,9,122,246,8,64,213,191,90,50,232,105
1,53,215,178,231,231,166,201,239,65,0,130,20,62,165,213,4,56,34,20,162,56,98,139,53,245,80,10,131,114,190,0,34,237,116,219,39,105,54,130,246,234,30,76,232,210,233,192,15,63,69,124,206,236,82,211,26,95,156,80,123,229,198,141,124,29,223,0,254,244,36,151,198,64,24,13,180,100,190,7,9,183,177,104,162,116,7,127,145,105,224,77,100,57,255,2,24,101,65,232,97,132,55,28,29,3,158,204,54,69,100,216,180,176,94,51,17,255,200,125,103,5,248,106,91,131,118,91
16,154,144,178,7,163,39,60,28,154,106,119,19,125,26,122,184,34,249,99,175,39,165,185,209,118,38,145,187,192,209,129,196,97,99,226,181,87,111,201,187,131,246,81,222,234,247,10,54,199,184,145,219,5,114,213,129,15,121,243,116,205,4,251,38,143,170,117,33,169,156,198,127,210,187,79,36,183,39,19,40,169,35,219,223,236,251,110,117,90,109,226,102,249,12,190,107,134,159,198,215,162,126,66,98,178,71,41,248,2,9,193,244,75,208,197,72,243,247,87,199,187,114,114,203,5,31,0
11,8,25,29,183,157,213,165,184,190,164,79,195,9,107,30,35,242,236,14,193,80,52,182,110,191,44,137,122,182,86,115,240,131,198,128,227,61,38,121,62,229,142,163,6,173,166,119,192,34,215,187,206,209,104,140,43,197,59,148,41,63,43,163,147,25,177,53,228,196,207,18,247,97,4,113,251,1,240,66,8,198,165,111,127,66,253,114,168,227,240,7,46,239,202,173,134,193,73,191,87,166,65,229,13,179,251,188,234,45,86,181,111,219,131,144,70,143,239,85,36,88,133,166,182,111,9,22
139,13,139,121,242,251,105,134,17,220,191,230,236,132,207,19,235,142,198,117,244,180,103,46,229,107,29,80,231,211,120,137,236,186,193,218,176,73,71,19,171,121,21,116,190,33,24,154,38,92,96,239,166,215,161,22,58,38,236,175,188,116,14,152,148,241,211,52,195,213,199,252,241,211,197,66,86,44,13,179,177,134,13,200,97,233,79,24,107,198,117,188,73,126,242,214,200,223,241,68,94,145,156,79,27,144,174,18,0,117,176,3,125,225,39,255,36,3,172,62,201,217,229,160,183,81,47,157
111,61,241,186,100,246,158,160,21,5,3,28,147,115,38,197,216,116,44,208,20,35,231,31,174,71,81,68,125,80,0,18,175,253,38,226,40,52,217,179,13,239,72,231,63,75,61,7,141,227,177,183,74,9,202,99,97,203,80,158,202,5,244,41,102,89,169,213,126,162,52,93,118,179,165,2,37,215,19,98,39,147,205,25,71,127,77,45,186,161,252,48,32,64,76,15,32,215,92,21,155,218,143,0,116,119,7,72,135,240,223,58,126,74,193,58,66,255,66,250,247,154,102,103,73,113,194,5
239,57,224,136,189,49,200,17,28,127,110,178,43,7,102,20,94,162,233,221,105,16,178,0,96,145,180,239,228,96,160,125,168,195,148,235,236,254,21,143,230,6,162,193,105,50,219,77,37,174,216,34,99,210,48,14,115,168,238,12,35,59,68,138,88,135,147,64,26,119,186,37,85,83,90,46,10,92,118,182,157,85,23,27,135,105,9,232,244,221,66,214,184,15,57,164,102,48,156,201,147,86,121,124,198,147,238,20,187,228,56,201,75,75,200,138,209,238,182,130,223,75,145,161,157,222,114,24
36,178,232,211,181,80,13,97,211,218,54,30,205,81,173,104,140,79,39,7,193,147,28,29,89,135,23,168,220,10,109,96,88,254,225,237,236,177,180,85,152,237,190,82,229,27,49,132,213,218,154,72,246,102,196,76,63,125,28,28,148,193,24,106,219,73,41,99,69,143,56,147,218,117,20,208,146,1,225,25,17,27,86,141,49,35,98,143,255,39,145,107,224,233,38,64,13,193,48,14,98,68,46,104,147,2,1,139,206,171,207,231,25,229,142,108,198,159,158,34,65,190,88,135,225,61,99,169
219,124,43,194,213,197,71,133,120,99,6,14,189,162,14,90,8,97,22,162,175,205,41,70,212,166,71,220,45,147,176,188,70,197,57,79,120,114,44,138,210,24,124,177,26,184,202,25,196,91,134,207,255,113,239,212,198,244,69,160,210,140,34,214,138,66,152,66,187,74,125,87,90,227,71,148,192,229,140,239,225,140,0,71,150,53,94,75,244,195,83,135,209,146,195,211,79,252,37,223,244,141,190,245,175,150,160,16,219,6,40,203,216,18,199,179,216,44,175,102,251,87,65,131,5,182,132,184
255,97,186,150,116,233,61,228,124,85,209,213,109,149,47,90,32,22,179,136,83,236,27,65,212,152,104,255,59,32,111,183,167,223,169,98,159,31,201,56,82,144,77,61,222,113,241,61,227,233,24,103,133,217,193,148,248,250,118,64,11,47,71,12,77,182,168,135,245,7,241,21,38,52,104,139,144,107,196,177,43,127,4,204,8,51,18,122,236,4,127,186,7,243,220,167,28,143,35,197,44,37,17,227,41,156,79,69,137,176,39,187,141,252,17,206,36,5,105,70,116,197,113,116,86,83,248,137
206,227,151,8,75,92,239,243,57,125,157,218,140,139,141,43,148,196,123,187,126,211,217,138,222,208,56,172,130,89,104,229,61,175,212,151,27,240,13,128,169,127,176,171,69,181,125,168,152,65,21,41,111,192,173,71,214,208,218,2,181,95,71,168,171,10,213,163,79,15,114,86,65,198,154,184,157,190,177,28,8,113,212,199,246,91,137,138,242,193,171,151,70,38,203,254,49,58,245,92,120,133,126,194,171,77,183,231,32,231,28,19,7,226,2,208,143,170,213,99,130,122,70,194,218,253,220,238
51,206,196,139,176,104,9,97,228,13,11,248,122,72,219,186,104,69,203,148,89,159,62,236,195,86,225,91,110,21,13,88,54,40,83,122,55,217,3,157,77,173,192,154,94,10,33,122,167,238,154,206,147,203,138,213,129,112,160,135,166,46,149,224,214,213,16,15,178,21,91,92,63,184,73,231,58,77,235,149,219,120,63,227,152,73,218,84,94,207,213,244,243,207,100,92,194,90,147,129,247,143,116,156,26,139,90,93,98,178,132,183,254,179,162,37,186,97,64,194,197,2,39,207,110,245,93,212
88,181,190,94,137,250,21,112,53,244,189,204,186,65,230,149,1,251,242,13,102,67,238,240,118,168,6,11,175,147,51,230,117,172,3,27,202,217,143,26,239,192,64,64,162,156,211,247,79,88,97,178,194,43,139,174,67,161,46,193,19,8,48,167,175,40,70,94,50,213,59,204,85,129,223,83,120,86,217,85,171,136,245,68,62,222,150,253,164,206,161,36,81,177,224,61,35,161,46,57,163,213,201,69,222,57,108,143,167,156,253,32,120,144,142,0,99,125,175,134,78,1,254,99,146,238,254,203
120,84,193,222,92,55,224,182,8,143,249,51,80,72,96,37,123,194,196,185,13,46,57,47,163,161,6,199,124,44,49,239,55,151,185,241,207,152,77,207,115,77,203,198,187,2,29,247,240,17,144,81,251,152,54,68,94,88,234,28,214,56,122,30,2,154,210,197,229,40,15,77,32,211,184,204,128,255,225,1,2,188,23,115,231,80,53,167,168,59,169,164,20,222,109,145,99,228,230,218,68,32,176,39,168,255,82,122,78,171,136,100,206,92,84,55,13,8,142,242,185,26,248,78,128,163,30,196
121,35,243,230,224,22,60,113,16,177,113,55,106,9,73,241,108,58,128,1,191,161,60,62,94,172,77,192,193,102,69,130,171,174,26,159,175,55,47,65,211,190,120,118,111,124,143,140,63,143,97,254,4,179,251,63,225,18,204,19,28,147,177,10,117,207,83,231,77,126,99,7,195,187,69,36,99,156,186,243,90,181,69,52,54,40,240,104,166,123,27,89,19,250,22,138,158,168,219,174,18,51,21,225,202,18,207,186,151,17,107,140,117,138,220,140,15,117,78,113,181,68,22,111,14,118,195,65
252,55,191,226,239,144,74,155,166,121,190,155,32,117,57,191,77,76,87,214,94,144,209,251,83,52,22,76,211,165,3,10,195,245,164,180,212,22,15,239,107,37,50,220,158,207,167,147,43,78,220,123,96,23,238,1,179,35,188,192,151,247,127,69,50,204,8,157,228,46,83,58,231,159,172,249,0,120,143,11,96,162,20,187,147,87,140,163,78,144,18,194,96,181,232,11,123,1,15,109,1,42,11,143,224,26,28,211,5,138,67,126,146,214,68,107,22,255,159,243,32,134,20,88,183,215,18,214
204,16,59,13,245,74,206,93,112,227,107,124,236,40,70,252,93,138,242,108,254,26,167,127,13,204,203,172,171,52,24,236,193,195,97,201,115,243,52,145,86,105,80,123,145,35,165,1,70,44,126,61,28,186,157,184,91,143,165,67,88,49,222,79,239,108,146,9,140,223,210,230,225,7,245,88,214,141,242,210,163,209,92,202,35,251,50,5,17,10,128,98,118,179,226,143,78,215,50,143,98,181,48,103,96,92,224,176,222,47,166,143,120,137,28,140,32,164,185,99,166,31,244,28,69,189,34,180
44,183,162,38,12,37,20,64,130,105,115,42,66,229,248,83,44,94,47,249,90,16,97,180,172,230,21,109,235,154,29,251,9,41,71,22,17,200,203,118,4,88,253,83,62,114,203,24,5,76,148,29,201,165,168,76,63,125,246,174,127,3,229,46,88,219,111,124,212,99,230,114,184,137,173,56,73,88,25,174,205,238,21,225,61,161,112,221,69,243,174,20,230,238,0,163,168,232,197,164,190,160,95,158,16,148,219,100,116,102,116,217,203,79,43,198,246,171,120,194,44,55,88,197,115,73,18,250
6,170,40,159,70,48,24,50,2,36,160,29,154,197,241,199,63,251,154,0,200,233,53,14,85,162,250,94,234,35,164,81,218,246,212,103,167,140,134,192,242,192,78,250,30,6,19,67,158,100,113,216,93,119,79,124,78,82,160,40,144,156,230,247,69,43,229,84,222,7,179,214,19,255,63,104,192,245,76,150,169,110,247,205,48,126,51,148,137,197,226,158,233,58,235,189,153,156,213,244,28,57,208,228,252,100,124,50,123,62,134,36,146,129,18,100,221,127,98,42,223,252,69,221,20,94,102,106
173,107,81,17,165,206,15,37,76,5,17,255,91,9,190,199,179,230,172,249,71,201,138,122,63,252,182,230,249,6,106,164,50,26,213,23,95,238,179,133,101,32,32,152,86,169,199,192,127,156,146,158,46,237,240,65,145,20,37,62,182,54,167,29,86,186,116,120,85,147,39,101,16,20,10,150,141,130,220,231,19,160,109,39,159,177,40,245,109,231,70,203,205,201,154,162,148,83,208,68,209,214,80,29,101,38,248,122,161,157,209,29,132,186,185,35,21,17,245,187,206,232,146,187,213,249,51,25
70,252,138,144,18,174,62,125,155,111,222,196,228,82,197,56,75,34,96,41,78,15,227,107,133,81,205,201,212,206,83,74,216,58,209,92,249,188,168,254,33,202,93,183,63,90,18,91,75,140,160,60,24,252,63,102,180,188,220,130,252,187,48,157,227,219,162,125,66,118,130,152,242,11,82,67,101,215,189,227,250,246,55,187,80,102,253,71,235,21,151,190,165,120,78,247,197,201,80,181,239,23,195,16,246,166,1,184,100,249,17,101,140,173,103,187,129,110,152,185,138,213,35,166,107,126,217,182
196,185,132,151,16,12,251,61,221,254,127,36,228,37,239,186,57,228,52,243,53,101,111,36,205,236,167,8,248,53,189,32,122,153,198,94,73,113,228,44,85,199,82,105,212,163,31,166,240,12,48,136,53,198,68,70,112,65,108,25,221,222,196,141,97,118,124,94,243,1,198,27,187,213,152,185,147,224,150,18,92,63,64,6,31,103,0,57,106,4,172,178,127,7,33,224,73,9,31,186,77,40,173,167,58,136,183,83,14,81,22,221,174,200,106,112,92,185,52,31,42,38,175,108,94,185,219,124
216,4,250,212,215,108,240,0,1,217,248,133,85,151,164,87,71,59,147,209,171,115,248,63,111,160,47,187,6,191,236,19,220,39,58,17,105,48,73,163,198,220,40,139,2,144,70,174,9,178,66,71,226,127,79,9,220,200,44,136,52,200,172,69,90,53,237,233,178,106,231,130,179,131,213,50,90,238,172,67,212,225,150,235,205,243,52,122,48,46,28,233,35,194,27,95,153,201,145,82,214,24,114,168,81,94,100,205,238,27,182,156,127,204,195,132,89,142,125,164,95,135,198,216,172,56,238,182
20,124,76,8,47,59,142,196,128,239,233,81,155,54,252,26,186,92,155,18,28,24,254,174,99,124,54,32,92,173,75,212,44,66,84,233,107,164,255,28,6,242,146,139,91,50,94,35,37,100,188,2,184,154,25,50,190,98,254,200,109,191,180,180,129,169,1,161,160,70,124,72,41,125,120,188,183,106,194,157,32,8,248,59,234,145,142,26,135,88,203,213,161,121,95,80,72,127,199,249,28,162,190,41,19,153,220,149,24,243,137,84,250,149,185,33,61,134,6,130,105,53,164,239,150,212,42,28
107,97,105,235,8,230,201,229,250,178,86,215,235,59,120,96,118,62,47,126,64,39,17,226,88,77,157,5,158,216,186,223,44,86,53,197,79,221,180,138,237,241,227,122,92,33,41,223,197,233,140,148,63,37,58,69,62,105,154,93,83,80,145,19,38,56,162,83,134,202,31,68,95,71,23,91,38,14,67,76,1,10,242,13,192,223,127,160,202,130,183,29,12,216,174,76,251,62,246,198,2,174,53,231,76,106,76,185,76,200,174,92,138,31,21,154,215,93,207,10,4,213,214,96,158,77,0,131
199,245,238,246,218,146,219,53,84,36,197,115,89,94,83,51,206,206,50,216,229,147,105,118,238,247,159,58,15,255,252,81,249,100,126,187,88,110,235,114,201,157,4,168,173,92,68,187,186,191,68,15,241,174,32,20,149,42,219,224,150,129,57,198,154,240,164,21,23,91,159,16,101,234,180,115,173,95,171,160,62,75,34,231,208,17,62,166,210,168,245,83,226,126,220,235,194,103,23,23,162,39,159,157,10,93,228,150,147,180,145,138,154,232,91,203,160,88,56,38,197,186,3,40,84,0,161,253
140,213,126,164,206,131,191,232,109,90,194,245,83,245,142,23,183,56,187,127,212,214,105,195,94,255,87,43,178,98,73,8,79,55,57,231,184,192,228,39,77,252,56,18,236,132,25,97,212,23,223,229,79,140,192,15,173,54,31,48,62,232,164,89,29,219,76,28,114,150,200,236,252,135,17,253,219,113,71,245,137,141,221,210,200,201,101,9,120,75,46,248,202,191,122,251,95,91,177,183,186,155,73,246,105,206,203,184,35,232,253,82,1,128,2,13,35,199,126,224,166,242,38,87,85,11,252,60
57,33,98,221,38,28,182,44,182,184,239,253,51,77,44,59,206,112,175,178,95,100,0,117,134,104,182,246,197,173,193,153,167,112,230,205,67,186,101,21,149,234,35,119,76,231,24,46,210,188,50,119,192,187,39,149,55,98,192,84,30,95,217,34,4,48,247,229,248,131,244,255,34,151,238,143,66,111,17,199,120,218,9,104,14,204,178,164,193,209,214,222,129,108,32,29,23,249,171,77,220,219,89,183,203,113,13,169,53,183,184,142,215,97,17,102,133,214,161,49,45,204,79,241,227,79,61,88
12,171,45,149,171,119,72,164,0,85,171,146,238,231,52,64,47,64,84,150,103,145,151,26,155,96,14,135,138,102,129,91,14,175,17,162,162,196,226,55,32,217,29,53,196,99,6,143,171,251,66,30,217,149,46,58,117,194,127,103,39,151,213,175,209,73,120,120,82,114,184,42,51,59,63,181,166,5,213,226,232,29,168,247,212,183,99,11,12,201,104,234,145,234,80,177,9,184,134,233,115,240,91,161,159,208,206,131,2,122,38,60,52,55,83,189,108,226,57,137,179,60,219,192,99,128,58,192
92,119,144,208,49,86,6,21,187,129,25,32,64,116,239,121,114,6,251,103,56,201,102,57,138,237,47,223,231,43,137,43,72,181,6,210,107,80,255,247,249,197,165,231,242,218,86,26,67,250,36,115,131,59,60,111,84,178,10,131,199,55,78,130,101,197,38,79,164,125,123,154,83,71,165,150,200,69,152,243,53,252,0,28,104,73,176,64,204,241,83,186,212,6,7,183,248,244,223,134,191,30,53,234,200,44,203,93,243,152,191,98,234,64,145,23,20,122,248,142,140,117,13,123,97,37,225,92
116,187,34,163,185,255,118,211,119,86,87,141,166,67,58,91,136,229,215,224,229,63,52,217,47,48,201,88,171,189,192,158,255,224,153,242,166,198,124,38,25,155,158,120,247,115,111,123,56,174,95,237,12,118,41,35,123,30,118,66,62,8,185,61,215,11,97,33,227,239,70,93,223,40,147,59,169,110,1,106,24,215,171,166,143,129,195,234,122,189,30,45,231,188,195,20,39,214,217,230,174,131,72,206,40,245,228,16,220,114,200,171,141,39,246,110,200,51,48,216,26,181,56,16,96,24,236,6
214,12,228,23,28,81,202,154,17,220,125,234,209,25,140,120,213,82,29,22,240,154,55,26,14,12,96,73,236,143,118,70,195,8,142,28,220,90,118,167,198,55,55,159,242,102,204,132,65,159,4,124,194,112,62,158,177,29,180,163,90,186,0,238,224,240,216,171,234,126,82,54,112,150,57,139,177,3,121,110,154,86,114,121,61,182,214,157,186,255,157,161,150,150,242,241,48,117,82,140,70,0,70,36,118,128,40,93,167,157,9,166,119,167,47,241,206,246,253,46,16,44,232,175,114,152,237,71
154,216,159,203,127,199,92,59,233,76,87,118,135,100,198,90,215,205,128,233,249,1,148,135,109,2,30,132,114,246,184,136,55,146,80,207,181,66,106,183,20,144,207,221,239,32,86,222,185,16,225,97,1,182,98,87,183,34,185,119,249,88,11,161,104,109,134,22,70,107,71,150,211,242,60,155,170,169,17,101,174,250,92,119,133,54,110,181,131,198,148,153,248,228,27,58,186,139,58,99,149,186,19,46,161,202,103,5,0,149,31,207,228,56,182,168,130,162,108,44,121,252,199,147,115,96,224,187
207,66,32,113,53,141,120,49,183,175,46,205,124,75,72,137,98,22,10,169,165,212,147,242,111,86,239,30,91,160,215,231,233,187,5,57,136,108,253,245,163,30,189,82,7,215,20,85,124,172,233,221,63,135,118,96,228,176,14,72,156,92,74,188,185,3,148,98,252,28,121,230,192,94,101,50,102,83,63,79,155,31,79,69,153,223,247,236,246,243,87,9,210,131,224,141,212,65,119,179,210,76,192,249,27,104,224,209,54,154,6,31,205,146,13,252,188,4,236,13,166,234,99,113,124,221,145,2
213,139,174,16,86,207,95,209,232,68,135,144,12,109,101,216,79,79,207,248,6,221,229,209,206,60,254,239,114,107,30,118,43,131,22,93,13,99,114,233,65,132,17,157,188,1,207,91,85,158,214,102,113,150,247,153,216,117,64,196,61,101,51,6,205,205,33,57,87,48,251,255,74,210,80,123,131,198,95,40,138,162,232,65,180,151,203,245,208,224,251,162,183,109,9,218,1,39,180,164,179,172,88,5,47,11,22,200,187,171,96,41,38,162,66,12,4,40,94,10,131,212,102,100,126,180,72,170
198,121,218,73,222,165,40,172,36,248,201,182,218,231,192,74,73,89,133,36,51,50,224,54,217,237,243,251,138,98,113,88,135,116,80,224,142,178,182,7,72,141,216,132,154,12,50,191,31,218,122,67,22,255,198,141,183,70,186,238,85,182,140,107,229,68,234,143,192,39,23,163,23,34,185,253,54,248,134,204,211,9,144,57,102,27,177,77,33,128,111,13,62,216,40,164,131,210,73,10,133,224,51,211,159,62,99,232,26,220,232,162,7,181,228,33,117,250,166,227,187,116,250,124,99,243,12,25
71,144,33,229,110,81,34,94,157,15,64,254,253,112,5,47,6,95,225,206,2,204,93,160,46,31,246,239,88,179,11,124,165,243,183,225,205,52,107,252,5,140,18,228,248,12,87,211,65,226,229,111,166,255,236,189,25,175,211,222,160,121,77,216,218,210,29,126,129,212,11,139,131,78,90,21,50,248,179,210,221,23,234,51,9,222,96,218,36,117,91,20,80,107,76,211,11,172,248,2,94,104,112,246,227,195,219,3,246,151,189,205,85,57,143,202,201,240,143,64,47,124,198,77,181,110,4,73
53,207,88,157,189,9,239,246,193,15,177,135,45,162,122,60,173,170,146,77,201,136,182,120,81,216,225,189,70,2,137,251,215,111,245,238,143,232,22,189,89,250,147,43,255,252,182,252,140,104,179,155,242,209,17,251,183,99,55,67,210,179,154,131,14,235,61,161,171,97,253,80,63,34,124,152,119,102,153,156,0,48,172,139,16,29,225,135,210,174,230,152,51,104,23,162,246,108,52,92,102,171,82,138,19,30,45,157,235,228,154,197,55,193,235,106,77,6,21,59,101,87,167,41,129,227,21,247
172,5,247,181,227,163,117,152,1,11,194,144,22,186,129,131,196,19,137,65,159,124,240,24,23,166,86,36,94,8,254,75,48,216,26,59,70,186,86,102,104,4,133,148,93,8,12,42,183,131,102,187,14,205,116,236,183,111,105,111,248,171,163,136,253,40,227,219,154,72,13,12,84,60,90,20,134,40,219,196,19,152,238,121,190,158,26,215,55,187,248,118,255,31,119,120,43,9,13,37,252,237,225,30,4,118,99,7,34,162,149,59,130,218,99,246,176,197,248,84,117,10,26,186,242,37,255,12
93,143,16,189,87,174,97,10,96,66,221,106,93,13,173,120,118,206,102,56,122,155,203,7,51,109,218,177,114,209,6,114,53,135,241,123,188,114,106,109,198,5,78,184,162,195,99,157,178,81,248,139,111,73,239,168,174,19,46,141,72,208,220,85,112,174,61,240,106,215,113,83,161,95,207,224,10,221,1,181,119,80,198,128,155,62,161,131,155,113,9,83,228,181,219,120,11,6,68,14,46,167,29,83,135,132,167,143,103,86,110,22,175,236,102,114,30,193,43,85,32,14,218,71,175,28,158,141
67,232,9,23,210,247,160,219,156,133,188,247,62,202,206,96,35,197,209,26,98,144,165,71,2,56,157,123,177,66,90,134,246,79,25,183,253,188,92,160,88,80,242,109,192,213,146,31,145,146,254,246,162,191,238,38,69,120,42,90,186,196,169,224,241,37,208,202,209,145,228,110,151,169,176,5,250,209,30,37,164,157,205,248,22,245,201,191,163,62,167,11,167,165,142,11,183,220,150,44,229,36,156,255,185,107,249,193,168,237,1,149,195,213,76,67,65,199,114,77,185,24,144,111,197,50,181,63
84,204,86,176,197,130,165,82,78,111,45,115,250,63,19,119,140,122,102,68,133,136,214,120,128,7,20,26,225,90,182,228,2,229,89,42,204,227,174,118,37,43,10,181,44,250,196,94,96,163,183,120,227,116,107,51,37,90,0,138,194,128,24,130,136,248,160,32,183,127,47,84,173,72,140,198,48,83,27,132,29,244,168,26,184,193,80,235,175,67,191,196,228,163,196,160,30,118,25,189,109,21,218,50,150,161,226,202,242,105,100,100,233,3,111,168,20,198,83,162,169,200,53,77,172,1,208,219
61,110,30,222,113,32,83,234,224,60,116,181,248,240,213,87,165,199,252,51,241,9,202,193,153,107,36,187,20,161,195,19,194,60,32,62,101,244,231,176,103,111,153,183,236,13,19,195,48,102,227,177,53,31,36,223,58,238,219,145,88,234,5,128,10,6,183,187,169,244,187,132,26,196,129,191,113,249,234,129,51,109,92,152,104,4,31,151,188,117,237,21,243,142,202,74,0,158,134,226,12,118,17,142,32,75,228,82,235,184,133,41,129,46,125,187,157,248,67,166,254,52,2,135,197,134,16,226
158,201,20,196,29,237,151,9,226,131,126,166,146,208,29,204,232,30,116,89,218,152,18,201,192,117,65,70,254,62,146,66,159,184,211,113,152,157,169,15,134,114,18,33,215,83,194,114,165,49,22,118,180,129,202,1,158,129,86,7,232,78,124,181,250,214,245,141,33,212,20,204,8,238,39,95,131,204,65,169,5,183,195,182,26,83,33,66,255,44,72,114,123,64,30,158,175,78,173,37,228,22,1,212,220,225,98,89,11,180,174,225,182,113,195,214,20,230,0,49,78,211,232,41,213,147,169,207
242,81,31,115,117,202,75,112,172,120,100,213,36,182,126,102,248,137,153,249,6,142,238,174,10,128,90,134,105,174,38,110,159,143,96,193,233,105,32,77,246,95,73,0,83,14,143,86,12,179,58,76,88,105,38,55,40,0,71,51,159,218,41,92,129,237,222,231,79,88,4,116,207,143,46,191,151,94,85,57,214,239,90,62,242,123,32,150,163,165,163,103,250,102,255,26,204,38,136,242,174,93,247,204,82,30,102,168,197,96,26,222,216,222,136,224,138,140,206,177,20,65,24,250,179,91,69,223
177,253,17,104,188,134,5,172,82,61,194,0,109,239,203,137,196,178,58,64,3,201,194,15,223,170,154,242,245,14,171,5,5,78,105,21,97,125,47,56,111,210,231,213,108,190,69,173,149,107,118,59,134,54,163,44,7,242,120,252,218,119,220,26,156,203,19,117,23,156,3,198,21,243,90,192,125,73,236,254,190,194,147,90,222,64,70,61,18,83,150,135,245,126,38,61,44,206,229,203,240,59,94,156,143,169,245,17,207,197,211,63,74,117,19,95,74,245,196,172,82,88,130,77,87,195,219,39
118,98,102,122,117,166,67,124,241,140,135,218,168,194,163,228,67,136,193,148,35,125,69,133,136,39,15,115,3,131,9,65,102,153,182,248,155,164,193,188,207,229,110,143,105,154,83,49,127,38,215,106,76,172,202,228,152,10,150,226,173,196,150,40,34,224,76,164,81,149,37,154,77,251,23,73,127,94,184,240,148,184,224,95,102,22,195,25,131,210,59,240,78,20,118,170,206,235,69,11,155,252,145,109,206,33,157,49,96,247,49,97,144,9,165,36,19,129,253,3,175,86,239,158,85,155,254,231
240,222,173,198,152,0,175,228,85,83,165,18,156,163,145,83,163,185,77,61,234,199,218,0,165,9,214,143,249,119,21,1,106,176,181,81,19,144,205,69,225,199,200,134,39,37,75,41,139,93,56,240,127,41,36,241,25,237,133,253,149,247,125,138,54,174,214,86,228,95,107,48,89,50,4,201,0,158,132,65,202,41,247,68,89,171,88,9,12,146,114,49,67,111,178,131,125,249,82,158,140,21,35,208,137,103,54,100,119,137,144,209,95,177,43,0,190,182,104,26,245,174,8,134,87,118,65,90
33,17,241,69,88,34,54,209,67,222,124,138,82,37,9,108,206,137,17,117,66,35,249,185,135,37,130,183,41,149,125,208,217,147,193,201,14,138,75,4,41,138,127,100,44,209,177,243,128,156,13,74,85,222,50,249,244,112,216,14,118,53,135,170,137,81,127,98,174,236,182,100,97,211,116,72,87,188,38,173,108,92,119,15,161,107,171,76,65,115,94,91,41,17,77,213,0,120,223,227,125,218,218,151,216,140,203,66,207,132,191,75,200,16,164,33,164,248,139,57,100,26,61,203,149,224,138,54
146,207,189,234,81,72,63,25,253,141,95,54,199,19,255,166,112,21,159,212,50,169,152,62,101,92,217,123,221,170,122,81,139,139,159,43,118,232,202,107,27,233,118,227,62,218,222,79,254,136,217,80,3,114,89,110,0,93,2,22,101,49,48,113,160,142,203,65,59,110,44,61,228,75,189,89,61,212,20,230,138,63,219,177,100,42,153,146,171,111,26,190,237,95,182,106,199,52,198,175,105,74,235,7,77,254,71,207,24,163,207,35,56,93,219,167,131,182,7,148,179,186,216,204,131,34,23,235
1,109,222,71,160,229,90,240,122,242,203,246,123,147,137,199,86,18,7,141,236,108,244,129,26,75,239,13,32,39,186,90,113,2,242,171,171,231,245,30,44,233,1,16,27,8,52,152,157,97,150,159,166,236,251,188,52,25,131,72,225,191,17,245,205,215,87,6,176,65,107,61,6,23,42,40,235,164,80,106,128,78,234,30,243,224,194,11,42,96,130,141,22,21,23,227,150,239,183,248,245,174,189,11,63,174,29,3,137,217,89,65,27,250,143,226,11,106,86,57,13,27,189,137,253,152,189,8
249,195,142,110,30,59,112,97,78,78,249,99,159,88,248,250,224,147,86,244,238,29,160,23,115,193,13,85,156,82,131,70,175,123,0,213,1,194,141,178,48,132,47,226,32,224,224,48,208,16,240,56,172,213,146,251,37,207,132,55,149,207,85,112,72,54,208,56,79,235,167,146,25,134,70,46,237,141,211,182,139,28,248,126,244,48,97,169,157,191,137,42,226,228,129,250,112,42,108,26,204,202,101,117,22,59,131,208,35,163,33,45,167,36,53,209,175,127,47,138,234,83,154,141,151,15,46,187
58,17,1,239,168,241,216,143,28,239,40,104,164,175,56,63,185,120,128,6,227,115,172,179,214,231,234,182,176,3,214,112,38,1,221,148,70,248,137,120,107,53,235,129,32,250,45,91,119,20,214,110,166,50,144,187,9,156,166,128,202,20,137,21,98,252,78,132,192,219,127,40,49,131,189,194,232,50,241,37,149,54,209,10,237,171,223,109,82,229,79,36,1,158,4,235,32,136,184,62,163,199,209,26,93,153,49,169,131,215,84,60,158,215,58,238,35,171,18,174,154,89,212,81,34,19,204,114
49,18,138,199,102,80,208,226,207,49,168,76,173,80,76,106,226,27,118,128,9,197,161,210,185,159,142,209,182,13,138,215,184,41,65,106,154,136,71,12,97,250,86,119,194,28,110,104,55,143,141,67,164,201,80,28,55,29,150,141,245,57,225,120,95,112,117,245,91,213,33,195,251,238,186,14,199,218,62,35,214,133,190,91,140,160,38,41,144,218,235,230,246,198,118,128,146,94,213,239,121,33,40,169,115,157,179,237,169,87,138,142,205,209,105,54,221,222,28,62,202,188,237,76,251,244,169,250
52,10,193,245,226,39,80,37,216,4,224,221,33,2,237,42,2,252,5,253,56,247,96,94,113,195,148,186,147,240,75,202,131,254,239,213,199,113,62,77,76,69,147,89,34,221,105,125,27,24,180,180,175,93,30,67,99,24,138,14,245,15,243,221,140,189,108,106,252,228,251,207,21,5,80,214,242,65,180,92,75,240,164,182,112,135,163,91,74,179,151,92,211,57,59,61,185,198,128,25,45,44,10,9,64,87,14,33,109,198,215,6,122,54,199,63,222,125,215,30,185,148,27,57,118,17,209,90
37,232,151,108,113,198,211,121,114,71,154,202,129,114,57,13,105,105,77,225,31,67,72,248,166,86,100,67,130,22,194,63,54,14,190,253,30,79,232,19,228,184,45,214,214,121,202,165,117,127,167,42,239,103,5,254,182,87,95,26,52,39,234,63,65,224,168,75,199,46,199,5,27,9,86,77,171,79,149,99,127,120,101,246,122,167,48,182,214,151,1,10,244,22,203,223,139,71,15,152,161,158,226,140,98,188,194,20,253,181,30,67,54,182,37,11,202,145,30,177,21,215,21,158,168,6,1,110
7,110,71,75,216,186,251,201,236,191,212,184,78,176,175,46,246,29,126,87,228,206,14,46,20,222,255,148,63,159,183,112,214,121,142,210,194,105,223,62,238,125,95,152,128,183,124,51,168,122,174,253,84,152,233,130,9,180,33,97,148,150,108,209,161,233,10,36,195,220,42,252,236,236,161,1,10,104,233,222,16,62,105,168,97,53,43,43,232,0,78,102,125,197,107,175,4,5,103,207,162,6,245,195,135,12,236,114,22,53,213,111,123,200,199,121,169,130,220,117,245,132,253,100,77,136,21,144
166,87,2,151,242,246,245,22,82,196,80,32,186,236,143,227,207,27,102,38,211,188,223,122,228,132,90,14,38,111,231,94,62,184,63,90,20,156,34,157,10,109,188,105,214,180,141,227,81,86,159,35,231,135,158,233,55,114,192,194,132,119,179,106,50,154,217,213,115,126,255,154,33,243,142,143,120,37,154,189,98,3,97,25,226,207,162,2,91,15,115,191,51,246,14,183,181,129,126,97,21,162,32,237,148,165,23,95,199,246,154,9,247,73,186,45,191,248,68,11,17,26,248,206,197,97,59,12
80,94,130,61,171,54,179,35,1,120,142,132,118,228,76,180,228,233,79,16,59,24,238,204,147,28,50,191,0,24,120,128,128,193,75,31,222,220,10,16,5,63,51,152,152,21,250,30,53,249,15,222,92,226,152,36,26,71,99,150,122,20,68,18,235,58,22,8,152,66,254,87,73,91,164,52,121,247,10,103,142,66,165,76,49,207,138,186,77,129,100,211,160,153,45,166,6,188,182,232,39,215,4,181,62,185,148,7,103,112,235,29,55,168,9,119,145,72,197,153,157,22,25,226,238,198,46,228
57,101,202,30,78,100,162,95,46,99,20,164,112,186,85,118,51,79,145,198,94,28,168,83,170,155,130,157,183,155,34,74,48,241,188,254,238,228,58,139,201,6,27,29,39,240,206,99,130,122,209,204,23,87,240,185,66,233,46,55,15,178,248,87,248,158,250,246,149,10,121,192,233,251,43,86,197,109,144,223,174,78,169,228,165,238,30,93,151,29,151,206,199,114,228,226,206,46,15,192,12,114,156,184,153,6,136,157,157,22,64,240,22,233,37,59,113,155,164,25,141,232,84,174,250,250,163,244
110,192,115,29,200,6,113,132,44,219,103,100,43,242,93,231,136,6,246,216,207,48,158,97,123,64,233,87,13,189,177,245,153,29,189,22,200,150,62,178,137,167,217,13,179,12,39,72,45,231,39,158,205,170,11,46,95,214,178,72,139,77,193,99,80,216,164,93,117,221,115,22,191,111,85,88,171,131,86,0,146,218,1,53,2,248,12,25,141,47,67,142,90,241,19,101,66,34,96,98,61,22,99,120,80,18,50,207,112,75,85,18,132,247,208,244,171,218,166,130,107,91,211,185,111,56,61,237
229,253,117,132,235,246,171,132,49,149,168,63,245,129,151,244,152,158,235,163,30,84,31,141,214,180,171,196,236,82,196,136,239,133,56,1,226,115,230,180,121,180,65,255,58,66,164,197,103,225,95,128,88,239,153,105,212,238,100,159,149,117,244,171,124,43,229,215,156,192,149,80,255,117,172,180,239,3,119,165,234,40,168,219,232,189,162,57,45,23,213,195,80,122,246,220,75,68,242,235,93,119,97,71,143,237,214,233,166,32,71,26,27,69,122,80,17,243,133,41,94,48,10,163,16,118,243,104
154,86,234,237,240,13,246,147,123,155,130,57,209,83,23,86,169,128,11,84,121,111,77,245,125,10,226,67,83,55,143,70,129,241,204,141,63,186,154,43,234,222,29,97,145,122,236,111,168,247,36,162,117,100,15,134,203,133,47,44,189,180,152,76,146,23,72,208,35,73,15,134,101,192,96,204,75,254,211,210,78,177,216,20,213,118,47,94,122,234,251,41,65,248,138,107,112,223,122,190,155,133,168,81,247,152,138,16,195,19,232,191,228,219,61,82,16,246,112,72,118,249,88,219,100,179,191,26
35,194,20,55,135,249,59,166,209,102,36,216,219,180,159,68,253,232,25,84,250,241,6,18,93,47,18,180,59,132,168,29,186,244,197,60,102,54,2,46,172,149,10,217,237,198,32,223,221,231,122,71,210,74,173,176,117,19,60,149,200,144,207,224,149,160,17,197,123,170,126,9,97,22,162,130,45,152,235,102,150,51,128,162,78,13,221,153,253,99,106,24,173,23,236,202,255,53,239,12,67,31,178,240,143,54,80,60,247,254,60,72,130,20,243,249,89,110,189,164,10,252,50,103,248,254,129,227
176,171,37,167,22,178,238,20,6,22,19,149,174,40,92,177,122,126,78,151,123,116,246,119,129,108,78,90,40,172,65,33,242,68,125,244,234,53,58,154,87,58,139,147,38,136,156,95,217,245,140,83,213,90,207,145,244,15,115,43,170,105,92,5,212,55,176,100,6,92,19,166,146,14,106,205,99,101,50,228,127,168,159,102,171,136,35,105,38,93,147,200,103,215,135,60,168,221,94,214,148,41,90,147,207,97,231,141,161,1,225,191,98,55,135,85,11,142,185,114,59,157,227,38,83,48,181,76
124,253,100,167,130,132,58,25,11,198,202,195,202,130,222,208,211,163,251,12,239,204,10,60,84,48,153,253,106,169,31,73,22,33,245,8,249,33,163,199,160,160,93,255,249,199,212,198,220,71,251,129,69,78,249,15,76,241,63,185,41,9,58,121,243,173,182,246,249,57,118,67,33,228,36,107,57,252,179,203,16,252,208,0,36,116,164,192,186,50,109,76,86,1,15,100,245,86,183,121,95,33,18,97,8,25,203,62,212,138,19,79,227,103,85,239,59,154,219,217,169,106,168,174,174,41,166,112
172,9,139,14,128,33,230,175,33,79,204,97,244,10,41,163,159,168,221,151,236,95,189,39,19,67,139,60,242,253,20,247,197,238,59,109,71,182,192,205,219,85,254,64,169,42,98,79,165,72,96,37,61,227,116,221,78,47,192,211,133,197,226,6,88,59,125,61,64,233,167,20,137,99,161,65,86,215,3,188,238,174,127,168,139,114,172,124,18,215,114,156,87,65,15,42,229,31,227,108,247,167,111,155,175,11,252,65,190,105,77,12,56,253,236,118,24,159,64,169,130,19,202,39,138,202,67,110
137,49,143,52,135,227,36,26,255,197,66,35,6,239,44,106,88,221,252,205,103,193,97,1,163,63,48,86,179,168,244,253,103,114,129,168,211,236,65,219,202,3,134,242,123,33,13,137,117,233,144,166,18,133,233,87,251,140,52,79,183,24,154,230,168,202,45,58,44,29,207,175,32,153,231,154,52,70,154,43,9,119,238,190,209,14,70,231,108,97,124,231,181,235,54,64,128,38,141,70,141,116,197,219,20,135,100,214,20,126,146,172,176,25,96,175,51,143,136,148,174,56,171,23,251,73,242,218
219,197,79,151,37,52,251,188,177,15,46,104,246,29,77,252,12,202,179,218,14,188,13,53,199,154,156,11,46,96,203,7,47,204,202,81,174,102,4,122,245,10,70,102,135,31,202,53,239,243,252,202,25,106,182,76,127,107,131,63,12,66,174,248,43,169,136,143,110,132,74,0,39,213,128,251,138,215,230,54,49,252,229,150,155,119,171,146,205,236,17,50,85,186,143,48,197,0,157,64,153,143,142,158,141,56,14,46,117,206,229,85,131,74,17,81,141,181,193,59,50,116,102,151,63,62,134,32
